GEODOMI LABEL,GEODOMI,GEODOMI CAT,OLD LOCDOMI,OLD LOCDOMI LABEL,MSA/CMSA/NECMA
AFGHANISTAN,00004,FOREIGN COUNTRIES,980,FOREIGN COUNTRIES,
ALBANIA,00008,FOREIGN COUNTRIES,980,FOREIGN COUNTRIES,
ANTARCTICA,00010,FOREIGN COUNTRIES,980,FOREIGN COUNTRIES,
ALGERIA,00012,FOREIGN COUNTRIES,980,FOREIGN COUNTRIES,
ANDORRA,00020,FOREIGN COUNTRIES,980,FOREIGN COUNTRIES,
ANGOLA,00024,FOREIGN COUNTRIES,980,FOREIGN COUNTRIES,
ANTIGUA AND BARBUDA,00028,FOREIGN COUNTRIES,980,FOREIGN COUNTRIES,
AZERBAIJAN,00031,FOREIGN COUNTRIES,980,FOREIGN COUNTRIES,
ARGENTINA,00032,FOREIGN COUNTRIES,980,FOREIGN COUNTRIES,
AUSTRALIA,00036,FOREIGN COUNTRIES,980,FOREIGN COUNTRIES,
AUSTRIA,00040,FOREIGN COUNTRIES,980,FOREIGN COUNTRIES,
BAHAMAS,00044,FOREIGN COUNTRIES,980,FOREIGN COUNTRIES,
BAHRAIN,00048,FOREIGN COUNTRIES,980,FOREIGN COUNTRIES,
BANGLADESH,00050,FOREIGN COUNTRIES,980,FOREIGN COUNTRIES,
ARMENIA,00051,FOREIGN COUNTRIES,980,FOREIGN COUNTRIES,
BARBADOS,00052,FOREIGN COUNTRIES,980,FOREIGN COUNTRIES,
BELGIUM,00056,FOREIGN COUNTRIES,980,FOREIGN COUNTRIES,
BERMUDA,00060,FOREIGN COUNTRIES,980,FOREIGN COUNTRIES,
BHUTAN,00064,FOREIGN COUNTRIES,980,FOREIGN COUNTRIES,
"BOLIVIA, PLURINATIONAL STATE OF",00068,FOREIGN COUNTRIES,980,FOREIGN COUNTRIES,
BOSNIA AND HERZEGOVINA,00070,FOREIGN COUNTRIES,980,FOREIGN COUNTRIES,
BOTSWANA,00072,FOREIGN COUNTRIES,980,FOREIGN COUNTRIES,
BOUVET ISLAND,00074,FOREIGN COUNTRIES,980,FOREIGN COUNTRIES,
BRAZIL,00076,FOREIGN COUNTRIES,980,FOREIGN COUNTRIES,
BELIZE,00084,FOREIGN COUNTRIES,980,FOREIGN COUNTRIES,
BRITISH INDIAN OCEAN TERRITORY,00086,FOREIGN COUNTRIES,980,FOREIGN COUNTRIES,
SOLOMON ISLANDS,00090,FOREIGN COUNTRIES,980,FOREIGN COUNTRIES,
"VIRGIN ISLANDS, BRITISH",00092,FOREIGN COUNTRIES,980,FOREIGN COUNTRIES,
BRUNEI DARUSSALAM,00096,FOREIGN COUNTRIES,980,FOREIGN COUNTRIES,
BULGARIA,00100,FOREIGN COUNTRIES,980,FOREIGN COUNTRIES,
MYANMAR,00104,FOREIGN COUNTRIES,980,FOREIGN COUNTRIES,
BURUNDI,00108,FOREIGN COUNTRIES,980,FOREIGN COUNTRIES,
BELARUS,00112,FOREIGN COUNTRIES,980,FOREIGN COUNTRIES,
CAMBODIA,00116,FOREIGN COUNTRIES,980,FOREIGN COUNTRIES,
CAMEROON,00120,FOREIGN COUNTRIES,980,FOREIGN COUNTRIES,
CANADA,00124,FOREIGN COUNTRIES,980,FOREIGN COUNTRIES,
CAPE VERDE,00132,FOREIGN COUNTRIES,980,FOREIGN COUNTRIES,
CAYMAN ISLANDS,00136,FOREIGN COUNTRIES,980,FOREIGN COUNTRIES,
CENTRAL AFRICAN REPUBLIC,00140,FOREIGN COUNTRIES,980,FOREIGN COUNTRIES,
SRI LANKA,00144,FOREIGN COUNTRIES,980,FOREIGN COUNTRIES,
CHAD,00148,FOREIGN COUNTRIES,980,FOREIGN COUNTRIES,
CHILE,00152,FOREIGN COUNTRIES,980,FOREIGN COUNTRIES,
CHINA,00156,FOREIGN COUNTRIES,980,FOREIGN COUNTRIES,
"TAIWAN, PROVINCE OF CHINA",00158,FOREIGN COUNTRIES,980,FOREIGN COUNTRIES,
CHRISTMAS ISLAND,00162,FOREIGN COUNTRIES,980,FOREIGN COUNTRIES,
COCOS (KEELING) ISLANDS,00166,FOREIGN COUNTRIES,980,FOREIGN COUNTRIES,
COLOMBIA,00170,FOREIGN COUNTRIES,980,FOREIGN COUNTRIES,
COMOROS,00174,FOREIGN COUNTRIES,980,FOREIGN COUNTRIES,
MAYOTTE,00175,FOREIGN COUNTRIES,980,FOREIGN COUNTRIES,
CONGO,00178,FOREIGN COUNTRIES,980,FOREIGN COUNTRIES,
"CONGO, THE DEMOCRATIC REPUBLIC OF THE",00180,FOREIGN COUNTRIES,980,FOREIGN COUNTRIES,
COOK ISLANDS,00184,FOREIGN COUNTRIES,980,FOREIGN COUNTRIES,
COSTA RICA,00188,FOREIGN COUNTRIES,980,FOREIGN COUNTRIES,
CROATIA,00191,FOREIGN COUNTRIES,980,FOREIGN COUNTRIES,
CUBA,00192,FOREIGN COUNTRIES,980,FOREIGN COUNTRIES,
CYPRUS,00196,FOREIGN COUNTRIES,980,FOREIGN COUNTRIES,
CZECH REPUBLIC,00203,FOREIGN COUNTRIES,980,FOREIGN COUNTRIES,
BENIN,00204,FOREIGN COUNTRIES,980,FOREIGN COUNTRIES,
DENMARK,00208,FOREIGN COUNTRIES,980,FOREIGN COUNTRIES,
DOMINICA,00212,FOREIGN COUNTRIES,980,FOREIGN COUNTRIES,
DOMINICAN REPUBLIC,00214,FOREIGN COUNTRIES,980,FOREIGN COUNTRIES,
ECUADOR,00218,FOREIGN COUNTRIES,980,FOREIGN COUNTRIES,
EL SALVADOR,00222,FOREIGN COUNTRIES,980,FOREIGN COUNTRIES,
EQUATORIAL GUINEA,00226,FOREIGN COUNTRIES,980,FOREIGN COUNTRIES,
ETHIOPIA,00231,FOREIGN COUNTRIES,980,FOREIGN COUNTRIES,
ERITREA,00232,FOREIGN COUNTRIES,980,FOREIGN COUNTRIES,
ESTONIA,00233,FOREIGN COUNTRIES,980,FOREIGN COUNTRIES,
FAROE ISLANDS,00234,FOREIGN COUNTRIES,980,FOREIGN COUNTRIES,
FALKLAND ISLANDS (MALVINAS),00238,FOREIGN COUNTRIES,980,FOREIGN COUNTRIES,
SOUTH GEORGIA AND THE SOUTH SANDWICH ISLANDS,00239,FOREIGN COUNTRIES,980,FOREIGN COUNTRIES,
FIJI,00242,FOREIGN COUNTRIES,980,FOREIGN COUNTRIES,
FINLAND,00246,FOREIGN COUNTRIES,980,FOREIGN COUNTRIES,
ÅLAND ISLANDS,00248,FOREIGN COUNTRIES,980,FOREIGN COUNTRIES,
FRANCE,00250,FOREIGN COUNTRIES,980,FOREIGN COUNTRIES,
FRENCH GUIANA,00254,FOREIGN COUNTRIES,980,FOREIGN COUNTRIES,
FRENCH POLYNESIA,00258,FOREIGN COUNTRIES,980,FOREIGN COUNTRIES,
FRENCH SOUTHERN TERRITORIES,00260,FOREIGN COUNTRIES,980,FOREIGN COUNTRIES,
DJIBOUTI,00262,FOREIGN COUNTRIES,980,FOREIGN COUNTRIES,
GABON,00266,FOREIGN COUNTRIES,980,FOREIGN COUNTRIES,
GEORGIA (FOREIGN COUNTRY),00268,FOREIGN COUNTRIES,980,FOREIGN COUNTRIES,
GAMBIA,00270,FOREIGN COUNTRIES,980,FOREIGN COUNTRIES,
"PALESTINIAN TERRITORY, OCCUPIED",00275,FOREIGN COUNTRIES,980,FOREIGN COUNTRIES,
GERMANY,00276,FOREIGN COUNTRIES,980,FOREIGN COUNTRIES,
GHANA,00288,FOREIGN COUNTRIES,980,FOREIGN COUNTRIES,
GIBRALTAR,00292,FOREIGN COUNTRIES,980,FOREIGN COUNTRIES,
KIRIBATI,00296,FOREIGN COUNTRIES,980,FOREIGN COUNTRIES,
GREECE,00300,FOREIGN COUNTRIES,980,FOREIGN COUNTRIES,
GREENLAND,00304,FOREIGN COUNTRIES,980,FOREIGN COUNTRIES,
GRENADA,00308,FOREIGN COUNTRIES,980,FOREIGN COUNTRIES,
GUADELOUPE,00312,FOREIGN COUNTRIES,980,FOREIGN COUNTRIES,
GUATEMALA,00320,FOREIGN COUNTRIES,980,FOREIGN COUNTRIES,
GUINEA,00324,FOREIGN COUNTRIES,980,FOREIGN COUNTRIES,
GUYANA,00328,FOREIGN COUNTRIES,980,FOREIGN COUNTRIES,
HAITI,00332,FOREIGN COUNTRIES,980,FOREIGN COUNTRIES,
HEARD AND MCDONALD ISLANDS,00334,FOREIGN COUNTRIES,980,FOREIGN COUNTRIES,
HOLY SEE (VATICAN CITY STATE),00336,FOREIGN COUNTRIES,980,FOREIGN COUNTRIES,
HONDURAS,00340,FOREIGN COUNTRIES,980,FOREIGN COUNTRIES,
HONG KONG,00344,FOREIGN COUNTRIES,980,FOREIGN COUNTRIES,
HUNGARY,00348,FOREIGN COUNTRIES,980,FOREIGN COUNTRIES,
ICELAND,00352,FOREIGN COUNTRIES,980,FOREIGN COUNTRIES,
INDIA,00356,FOREIGN COUNTRIES,980,FOREIGN COUNTRIES,
INDONESIA,00360,FOREIGN COUNTRIES,980,FOREIGN COUNTRIES,
"IRAN, ISLAMIC REPUBLIC OF",00364,FOREIGN COUNTRIES,980,FOREIGN COUNTRIES,
IRAQ,00368,FOREIGN COUNTRIES,980,FOREIGN COUNTRIES,
IRELAND,00372,FOREIGN COUNTRIES,980,FOREIGN COUNTRIES,
ISRAEL,00376,FOREIGN COUNTRIES,980,FOREIGN COUNTRIES,
ITALY,00380,FOREIGN COUNTRIES,980,FOREIGN COUNTRIES,
CÔTE D'IVOIRE,00384,FOREIGN COUNTRIES,980,FOREIGN COUNTRIES,
JAMAICA,00388,FOREIGN COUNTRIES,980,FOREIGN COUNTRIES,
JAPAN,00392,FOREIGN COUNTRIES,980,FOREIGN COUNTRIES,
KAZAKHSTAN,00398,FOREIGN COUNTRIES,980,FOREIGN COUNTRIES,
JORDAN,00400,FOREIGN COUNTRIES,980,FOREIGN COUNTRIES,
KENYA,00404,FOREIGN COUNTRIES,980,FOREIGN COUNTRIES,
"KOREA, DEMOCRATIC PEOPLE'S REPUBLIC OF",00408,FOREIGN COUNTRIES,980,FOREIGN COUNTRIES,
"KOREA, REPUBLIC OF",00410,FOREIGN COUNTRIES,980,FOREIGN COUNTRIES,
KUWAIT,00414,FOREIGN COUNTRIES,980,FOREIGN COUNTRIES,
KYRGYZSTAN,00417,FOREIGN COUNTRIES,980,FOREIGN COUNTRIES,
LAO PEOPLE'S DEMOCRATIC REPUBLIC,00418,FOREIGN COUNTRIES,980,FOREIGN COUNTRIES,
LEBANON,00422,FOREIGN COUNTRIES,980,FOREIGN COUNTRIES,
LESOTHO,00426,FOREIGN COUNTRIES,980,FOREIGN COUNTRIES,
LATVIA,00428,FOREIGN COUNTRIES,980,FOREIGN COUNTRIES,
LIBERIA,00430,FOREIGN COUNTRIES,980,FOREIGN COUNTRIES,
LIBYAN ARAB JAMAHIRIYA,00434,FOREIGN COUNTRIES,980,FOREIGN COUNTRIES,
LIECHTENSTEIN,00438,FOREIGN COUNTRIES,980,FOREIGN COUNTRIES,
LITHUANIA,00440,FOREIGN COUNTRIES,980,FOREIGN COUNTRIES,
LUXEMBOURG,00442,FOREIGN COUNTRIES,980,FOREIGN COUNTRIES,
MACAO,00446,FOREIGN COUNTRIES,980,FOREIGN COUNTRIES,
MADAGASCAR,00450,FOREIGN COUNTRIES,980,FOREIGN COUNTRIES,
MALAWI,00454,FOREIGN COUNTRIES,980,FOREIGN COUNTRIES,
MALAYSIA,00458,FOREIGN COUNTRIES,980,FOREIGN COUNTRIES,
MALDIVES,00462,FOREIGN COUNTRIES,980,FOREIGN COUNTRIES,
MALI,00466,FOREIGN COUNTRIES,980,FOREIGN COUNTRIES,
MALTA,00470,FOREIGN COUNTRIES,980,FOREIGN COUNTRIES,
MARTINIQUE,00474,FOREIGN COUNTRIES,980,FOREIGN COUNTRIES,
MAURITANIA,00478,FOREIGN COUNTRIES,980,FOREIGN COUNTRIES,
MAURITIUS,00480,FOREIGN COUNTRIES,980,FOREIGN COUNTRIES,
MEXICO,00484,FOREIGN COUNTRIES,980,FOREIGN COUNTRIES,
MONACO,00492,FOREIGN COUNTRIES,980,FOREIGN COUNTRIES,
MONGOLIA,00496,FOREIGN COUNTRIES,980,FOREIGN COUNTRIES,
"MOLDOVA, REPUBLIC OF",00498,FOREIGN COUNTRIES,980,FOREIGN COUNTRIES,
MONTENEGRO,00499,FOREIGN COUNTRIES,980,FOREIGN COUNTRIES,
MONTSERRAT,00500,FOREIGN COUNTRIES,980,FOREIGN COUNTRIES,
MOROCCO,00504,FOREIGN COUNTRIES,980,FOREIGN COUNTRIES,
MOZAMBIQUE,00508,FOREIGN COUNTRIES,980,FOREIGN COUNTRIES,
OMAN,00512,FOREIGN COUNTRIES,980,FOREIGN COUNTRIES,
NAMIBIA,00516,FOREIGN COUNTRIES,980,FOREIGN COUNTRIES,
NAURU,00520,FOREIGN COUNTRIES,980,FOREIGN COUNTRIES,
NEPAL,00524,FOREIGN COUNTRIES,980,FOREIGN COUNTRIES,
NETHERLANDS,00528,FOREIGN COUNTRIES,980,FOREIGN COUNTRIES,
NETHERLANDS ANTILLES,00530,FOREIGN COUNTRIES,980,FOREIGN COUNTRIES,
ARUBA,00533,FOREIGN COUNTRIES,980,FOREIGN COUNTRIES,
NEW CALEDONIA,00540,FOREIGN COUNTRIES,980,FOREIGN COUNTRIES,
VANUATU,00548,FOREIGN COUNTRIES,980,FOREIGN COUNTRIES,
NEW ZEALAND,00554,FOREIGN COUNTRIES,980,FOREIGN COUNTRIES,
NICARAGUA,00558,FOREIGN COUNTRIES,980,FOREIGN COUNTRIES,
NIGER,00562,FOREIGN COUNTRIES,980,FOREIGN COUNTRIES,
NIGERIA,00566,FOREIGN COUNTRIES,980,FOREIGN COUNTRIES,
NIUE,00570,FOREIGN COUNTRIES,980,FOREIGN COUNTRIES,
NORFOLK ISLAND,00574,FOREIGN COUNTRIES,980,FOREIGN COUNTRIES,
NORWAY,00578,FOREIGN COUNTRIES,980,FOREIGN COUNTRIES,
PAKISTAN,00586,FOREIGN COUNTRIES,980,FOREIGN COUNTRIES,
PANAMA,00591,FOREIGN COUNTRIES,980,FOREIGN COUNTRIES,
PAPUA NEW GUINEA,00598,FOREIGN COUNTRIES,980,FOREIGN COUNTRIES,
PARAGUAY,00600,FOREIGN COUNTRIES,980,FOREIGN COUNTRIES,
PERU,00604,FOREIGN COUNTRIES,980,FOREIGN COUNTRIES,
PHILIPPINES,00608,FOREIGN COUNTRIES,980,FOREIGN COUNTRIES,
PITCAIRN,00612,FOREIGN COUNTRIES,980,FOREIGN COUNTRIES,
POLAND,00616,FOREIGN COUNTRIES,980,FOREIGN COUNTRIES,
PORTUGAL,00620,FOREIGN COUNTRIES,980,FOREIGN COUNTRIES,
GUINEA-BISSAU,00624,FOREIGN COUNTRIES,980,FOREIGN COUNTRIES,
TIMOR-LESTE,00626,FOREIGN COUNTRIES,980,FOREIGN COUNTRIES,
QATAR,00634,FOREIGN COUNTRIES,980,FOREIGN COUNTRIES,
RÉUNION,00638,FOREIGN COUNTRIES,980,FOREIGN COUNTRIES,
ROMANIA,00642,FOREIGN COUNTRIES,980,FOREIGN COUNTRIES,
RUSSIAN FEDERATION,00643,FOREIGN COUNTRIES,980,FOREIGN COUNTRIES,
RWANDA,00646,FOREIGN COUNTRIES,980,FOREIGN COUNTRIES,
SAINT BARTHÉLEMY,00652,FOREIGN COUNTRIES,980,FOREIGN COUNTRIES,
"SAINT HELENA, ASCENSION AND TRISTAN DA CUNHA",00654,FOREIGN COUNTRIES,980,FOREIGN COUNTRIES,
SAINT KITTS AND NEVIS,00659,FOREIGN COUNTRIES,980,FOREIGN COUNTRIES,
ANGUILLA,00660,FOREIGN COUNTRIES,980,FOREIGN COUNTRIES,
SAINT LUCIA,00662,FOREIGN COUNTRIES,980,FOREIGN COUNTRIES,
SAINT MARTIN,00663,FOREIGN COUNTRIES,980,FOREIGN COUNTRIES,
SAINT PIERRE AND MIQUELON,00666,FOREIGN COUNTRIES,980,FOREIGN COUNTRIES,
SAINT VINCENT AND THE GRENEDINES,00670,FOREIGN COUNTRIES,980,FOREIGN COUNTRIES,
SAN MARINO,00674,FOREIGN COUNTRIES,980,FOREIGN COUNTRIES,
SAO TOME AND PRINCIPE,00678,FOREIGN COUNTRIES,980,FOREIGN COUNTRIES,
SAUDI ARABIA,00682,FOREIGN COUNTRIES,980,FOREIGN COUNTRIES,
SENEGAL,00686,FOREIGN COUNTRIES,980,FOREIGN COUNTRIES,
SERBIA,00688,FOREIGN COUNTRIES,980,FOREIGN COUNTRIES,
SEYCHELLES,00690,FOREIGN COUNTRIES,980,FOREIGN COUNTRIES,
SIERRA LEONE,00694,FOREIGN COUNTRIES,980,FOREIGN COUNTRIES,
SINGAPORE,00702,FOREIGN COUNTRIES,980,FOREIGN COUNTRIES,
SLOVAKIA,00703,FOREIGN COUNTRIES,980,FOREIGN COUNTRIES,
VIET NAM,00704,FOREIGN COUNTRIES,980,FOREIGN COUNTRIES,
SLOVENIA,00705,FOREIGN COUNTRIES,980,FOREIGN COUNTRIES,
SOMALIA,00706,FOREIGN COUNTRIES,980,FOREIGN COUNTRIES,
SOUTH AFRICA,00710,FOREIGN COUNTRIES,980,FOREIGN COUNTRIES,
ZIMBABWE,00716,FOREIGN COUNTRIES,980,FOREIGN COUNTRIES,
SPAIN,00724,FOREIGN COUNTRIES,980,FOREIGN COUNTRIES,
WESTERN SAHARA,00732,FOREIGN COUNTRIES,980,FOREIGN COUNTRIES,
SUDAN,00736,FOREIGN COUNTRIES,980,FOREIGN COUNTRIES,
SURINAME,00740,FOREIGN COUNTRIES,980,FOREIGN COUNTRIES,
SVALBARD AND JAN MAYEN,00744,FOREIGN COUNTRIES,980,FOREIGN COUNTRIES,
SWAZILAND,00748,FOREIGN COUNTRIES,980,FOREIGN COUNTRIES,
SWEDEN,00752,FOREIGN COUNTRIES,980,FOREIGN COUNTRIES,
SWITZERLAND,00756,FOREIGN COUNTRIES,980,FOREIGN COUNTRIES,
SYRIAN ARAB REPUBLIC,00760,FOREIGN COUNTRIES,980,FOREIGN COUNTRIES,
TAJIKISTAN,00762,FOREIGN COUNTRIES,980,FOREIGN COUNTRIES,
THAILAND,00764,FOREIGN COUNTRIES,980,FOREIGN COUNTRIES,
TOGO,00768,FOREIGN COUNTRIES,980,FOREIGN COUNTRIES,
TOKELAU,00772,FOREIGN COUNTRIES,980,FOREIGN COUNTRIES,
TONGA,00776,FOREIGN COUNTRIES,980,FOREIGN COUNTRIES,
TRINIDAD AND TOBAGO,00780,FOREIGN COUNTRIES,980,FOREIGN COUNTRIES,
UNITED ARAB EMIRATES,00784,FOREIGN COUNTRIES,980,FOREIGN COUNTRIES,
TUNISIA,00788,FOREIGN COUNTRIES,980,FOREIGN COUNTRIES,
TURKEY,00792,FOREIGN COUNTRIES,980,FOREIGN COUNTRIES,
TURKMENISTAN,00795,FOREIGN COUNTRIES,980,FOREIGN COUNTRIES,
TURKS AND CAICOS ISLANDS,00796,FOREIGN COUNTRIES,980,FOREIGN COUNTRIES,
TUVALU,00798,FOREIGN COUNTRIES,980,FOREIGN COUNTRIES,
UGANDA,00800,FOREIGN COUNTRIES,980,FOREIGN COUNTRIES,
UKRAINE,00804,FOREIGN COUNTRIES,980,FOREIGN COUNTRIES,
"MACEDONIA, THE FORMER YUGOSLAV REPUBLIC OF",00807,FOREIGN COUNTRIES,980,FOREIGN COUNTRIES,
EGYPT,00818,FOREIGN COUNTRIES,980,FOREIGN COUNTRIES,
UNITED KINGDOM,00826,FOREIGN COUNTRIES,980,FOREIGN COUNTRIES,
GUERNSEY,00831,FOREIGN COUNTRIES,980,FOREIGN COUNTRIES,
JERSEY,00832,FOREIGN COUNTRIES,980,FOREIGN COUNTRIES,
ISLE OF MAN,00833,FOREIGN COUNTRIES,980,FOREIGN COUNTRIES,
"TANZANIA, UNITED REPUBLIC OF",00834,FOREIGN COUNTRIES,980,FOREIGN COUNTRIES,
BURKINA FASO,00854,FOREIGN COUNTRIES,980,FOREIGN COUNTRIES,
URUGUAY,00858,FOREIGN COUNTRIES,980,FOREIGN COUNTRIES,
UZBEKISTAN,00860,FOREIGN COUNTRIES,980,FOREIGN COUNTRIES,
"VENEZUELA, BOLIVARIAN REPUBLIC OF",00862,FOREIGN COUNTRIES,980,FOREIGN COUNTRIES,
WALLIS AND FUTUNA,00876,FOREIGN COUNTRIES,980,FOREIGN COUNTRIES,
SAMOA,00882,FOREIGN COUNTRIES,980,FOREIGN COUNTRIES,
YEMEN,00887,FOREIGN COUNTRIES,980,FOREIGN COUNTRIES,
ZAMBIA,00894,FOREIGN COUNTRIES,980,FOREIGN COUNTRIES,
ALABAMA,01000,US STATES,910,ALABAMA,
ALASKA,02000,US STATES,911,ALASKA,
ARIZONA,04000,US STATES,912,ARIZONA,
ARKANSAS,05000,US STATES,913,ARKANSAS,
CALIFORNIA,06000,US STATES,914,CALIFORNIA,
COLORADO,08000,US STATES,915,COLORADO,
CONNECTICUT,09000,US STATES,916,CONNECTICUT,
DELAWARE,10000,US STATES,917,DELAWARE,
DISTRICT OF COLUMBIA,11000,US STATES,918,"WASHINGTON,D.C",
FLORIDA,12000,US STATES,919,FLORIDA,
GEORGIA (US STATE),13000,US STATES,920,GEORGIA,
HAWAII,15000,US STATES,921,HAWAII,
IDAHO,16000,US STATES,922,IDAHO,
ILLINOIS,17000,US STATES,923,ILLINOIS,
INDIANA,18000,US STATES,924,INDIANA,
IOWA,19000,US STATES,925,IOWA,
KANSAS,20000,US STATES,926,KANSAS,
KENTUCKY,21000,US STATES,927,KENTUCKY,
LOUISIANA,22000,US STATES,928,LOUISIANA,
MAINE,23000,US STATES,929,MAINE,
MARYLAND,24000,US STATES,930,MARYLAND,
MASSACHUSETTS,25000,US STATES,931,MASSACHUSETTS,
MICHIGAN,26000,US STATES,932,MICHIGAN,
MINNESOTA,27000,US STATES,933,MINNESOTA,
MISSISSIPPI,28000,US STATES,934,MISSISSIPPI,
MISSOURI,29000,US STATES,935,MISSOURI (OTHER),
ADAIR,29001,MO COUNTIES,001,ADAIR,
ANDREW,29003,MO COUNTIES,002,ANDREW,7000
ATCHISON,29005,MO COUNTIES,003,ATCHISON,
AUDRAIN,29007,MO COUNTIES,004,AUDRAIN,
BARRY,29009,MO COUNTIES,005,BARRY,
BARTON,29011,MO COUNTIES,006,BARTON,
BATES,29013,MO COUNTIES,007,BATES,
BENTON,29015,MO COUNTIES,008,BENTON,
BOLLINGER,29017,MO COUNTIES,009,BOLLINGER,
BOONE,29019,MO COUNTIES,010,BOONE,1740
BUCHANAN,29021,MO COUNTIES,011,BUCHANAN,7000
BUTLER,29023,MO COUNTIES,012,BUTLER,
CALDWELL,29025,MO COUNTIES,013,CALDWELL,
CALLAWAY,29027,MO COUNTIES,014,CALLAWAY,
CAMDEN,29029,MO COUNTIES,015,CAMDEN,
CAPE GIRARDEAU,29031,MO COUNTIES,016,CAPE GIRARDEAU,
CARROLL,29033,MO COUNTIES,017,CARROLL,
CARTER,29035,MO COUNTIES,018,CARTER,
CASS,29037,MO COUNTIES,019,CASS,3760
CEDAR,29039,MO COUNTIES,020,CEDAR,
CHARITON,29041,MO COUNTIES,021,CHARITON,
CHRISTIAN,29043,MO COUNTIES,022,CHRISTIAN,7920
CLARK,29045,MO COUNTIES,023,CLARK,
CLAY,29047,MO COUNTIES,024,CLAY,3760
CLINTON,29049,MO COUNTIES,025,CLINTON,3760
COLE,29051,MO COUNTIES,026,COLE,
COOPER,29053,MO COUNTIES,027,COOPER,
CRAWFORD,29055,MO COUNTIES,028,CRAWFORD,
DADE,29057,MO COUNTIES,029,DADE,
DALLAS,29059,MO COUNTIES,030,DALLAS,
DAVIESS,29061,MO COUNTIES,031,DAVIESS,
DEKALB,29063,MO COUNTIES,032,DEKALB,
DENT,29065,MO COUNTIES,033,DENT,
DOUGLAS,29067,MO COUNTIES,034,DOUGLAS,
DUNKLIN,29069,MO COUNTIES,035,DUNKLIN,
FRANKLIN,29071,MO COUNTIES,036,FRANKLIN,7040
GASCONADE,29073,MO COUNTIES,037,GASCONADE,
GENTRY,29075,MO COUNTIES,038,GENTRY,
GREENE,29077,MO COUNTIES,039,GREENE,7920
GRUNDY,29079,MO COUNTIES,040,GRUNDY,
HARRISON,29081,MO COUNTIES,041,HARRISON,
HENRY,29083,MO COUNTIES,042,HENRY,
HICKORY,29085,MO COUNTIES,043,HICKORY,
HOLT,29087,MO COUNTIES,044,HOLT,
HOWARD,29089,MO COUNTIES,045,HOWARD,
HOWELL,29091,MO COUNTIES,046,HOWELL,
IRON,29093,MO COUNTIES,047,IRON,
JACKSON,29095,MO COUNTIES,048,JACKSON,3760
JASPER,29097,MO COUNTIES,049,JASPER,3710
JEFFERSON,29099,MO COUNTIES,050,JEFFERSON,7040
JOHNSON,29101,MO COUNTIES,051,JOHNSON,
KNOX,29103,MO COUNTIES,052,KNOX,
LACLEDE,29105,MO COUNTIES,053,LACLEDE,
LAFAYETTE,29107,MO COUNTIES,054,LAFAYETTE,3760
LAWRENCE,29109,MO COUNTIES,055,LAWRENCE,
LEWIS,29111,MO COUNTIES,056,LEWIS,
LINCOLN,29113,MO COUNTIES,057,LINCOLN,7040
LINN,29115,MO COUNTIES,058,LINN,
LIVINGSTON,29117,MO COUNTIES,059,LIVINGSTON,
MACON,29121,MO COUNTIES,060,MACON,
MADISON,29123,MO COUNTIES,061,MADISON,
MARIES,29125,MO COUNTIES,062,MARIES,
MARION,29127,MO COUNTIES,063,MARION,
MCDONALD,29119,MO COUNTIES,064,MCDONALD,
MERCER,29129,MO COUNTIES,065,MERCER,
MILLER,29131,MO COUNTIES,066,MILLER,
MISSISSIPPI  (MO COUNTY),29133,MO COUNTIES,067,MISSISSIPPI  (MO COUNTY),
MONITEAU,29135,MO COUNTIES,068,MONITEAU,
MONROE,29137,MO COUNTIES,069,MONROE,
MONTGOMERY,29139,MO COUNTIES,070,MONTGOMERY,
MORGAN,29141,MO COUNTIES,071,MORGAN,
NEW MADRID,29143,MO COUNTIES,072,NEW MADRID,
NEWTON,29145,MO COUNTIES,073,NEWTON,3710
NODAWAY,29147,MO COUNTIES,074,NODAWAY,
OREGON (MO COUNTY),29149,MO COUNTIES,075,OREGON (MO COUNTY),
OSAGE,29151,MO COUNTIES,076,OSAGE,
OZARK,29153,MO COUNTIES,077,OZARK,
PEMISCOT,29155,MO COUNTIES,078,PEMISCOT,
PERRY,29157,MO COUNTIES,079,PERRY,
PETTIS,29159,MO COUNTIES,080,PETTIS,
PHELPS,29161,MO COUNTIES,081,PHELPS,
PIKE,29163,MO COUNTIES,082,PIKE,
PLATTE,29165,MO COUNTIES,083,PLATTE,3760
POLK,29167,MO COUNTIES,084,POLK,
PULASKI,29169,MO COUNTIES,085,PULASKI,
PUTNAM,29171,MO COUNTIES,086,PUTNAM,
RALLS,29173,MO COUNTIES,087,RALLS,
RANDOLPH,29175,MO COUNTIES,088,RANDOLPH,
RAY,29177,MO COUNTIES,089,RAY,3760
REYNOLDS,29179,MO COUNTIES,090,REYNOLDS,
RIPLEY,29181,MO COUNTIES,091,RIPLEY,
SALINE,29195,MO COUNTIES,097,SALINE,
SCHUYLER,29197,MO COUNTIES,098,SCHUYLER,
SCOTLAND,29199,MO COUNTIES,099,SCOTLAND,
SCOTT,29201,MO COUNTIES,100,SCOTT,
SHANNON,29203,MO COUNTIES,101,SHANNON,
SHELBY,29205,MO COUNTIES,102,SHELBY,
ST. CHARLES,29183,MO COUNTIES,092,ST. CHARLES,7040
ST. CLAIR,29185,MO COUNTIES,093,ST. CLAIR,
ST. FRANCOIS,29187,MO COUNTIES,094,ST. FRANCOIS,
ST. LOUIS,29189,MO COUNTIES,095,ST. LOUIS,7040
ST. LOUIS CITY,29510,MO COUNTIES,115,ST. LOUIS CITY,7040
STE. GENEVIEVE,29186,MO COUNTIES,096,STE. GENEVIEVE,
STODDARD,29207,MO COUNTIES,103,STODDARD,
STONE,29209,MO COUNTIES,104,STONE,
SULLIVAN,29211,MO COUNTIES,105,SULLIVAN,
TANEY,29213,MO COUNTIES,106,TANEY,
TEXAS (MO COUNTY),29215,MO COUNTIES,107,TEXAS (MO COUNTY),
VERNON,29217,MO COUNTIES,108,VERNON,
WARREN,29219,MO COUNTIES,109,WARREN,7040
WASHINGTON  (MO COUNTY),29221,MO COUNTIES,110,WASHINGTON  (MO COUNTY),
WAYNE,29223,MO COUNTIES,111,WAYNE,
WEBSTER,29225,MO COUNTIES,112,WEBSTER,7920
WORTH,29227,MO COUNTIES,113,WORTH,
WRIGHT,29229,MO COUNTIES,114,WRIGHT,
MONTANA,30000,US STATES,936,MONTANA,
NEBRASKA,31000,US STATES,937,NEBRASKA,
NEVADA,32000,US STATES,938,NEVADA,
NEW HAMPSHIRE,33000,US STATES,939,NEW HAMPSHIRE,
NEW JERSEY,34000,US STATES,940,NEW JERSEY,
NEW MEXICO,35000,US STATES,941,NEW MEXICO,
NEW YORK,36000,US STATES,942,NEW YORK,
NORTH CAROLINA,37000,US STATES,943,NORTH CAROLINA,
NORTH DAKOTA,38000,US STATES,944,NORTH DAKOTA,
OHIO,39000,US STATES,945,OHIO,
OKLAHOMA,40000,US STATES,946,OKLAHOMA,
OREGON (US STATE),41000,US STATES,947,OREGON,
PENNSYLVANIA,42000,US STATES,948,PENNSYLVANIA,
RHODE ISLAND,44000,US STATES,949,RHODE ISLAND,
SOUTH CAROLINA,45000,US STATES,950,SOUTH CAROLINA,
SOUTH DAKOTA,46000,US STATES,951,SOUTH DAKOTA,
TENNESSEE,47000,US STATES,952,TENNESSEE,
TEXAS (STATE),48000,US STATES,953,TEXAS,
UTAH,49000,US STATES,954,UTAH,
VERMONT,50000,US STATES,955,VERMONT,
VIRGINIA,51000,US STATES,956,VIRGINIA,
WASHINGTON (STATE),53000,US STATES,957,WASHINGTON,
WEST VIRGINIA,54000,US STATES,958,WEST VIRGINIA,
WISCONSIN,55000,US STATES,959,WISCONSIN,
WYOMING,56000,US STATES,960,WYOMING,
AMERICAN SAMOA,60000,US TERRITORIES,970,U.S. TERRITORIES,
FEDERATED STATES OF MICRONESIA,64000,US TERRITORIES,970,U.S. TERRITORIES,
GUAM,66000,US TERRITORIES,970,U.S. TERRITORIES,
MARSHALL ISLANDS,68000,US TERRITORIES,970,U.S. TERRITORIES,
NORTHERN MARIANA ISLANDS,69000,US TERRITORIES,970,U.S. TERRITORIES,
PALAU,70000,US TERRITORIES,970,U.S. TERRITORIES,
PUERTO RICO,72000,US TERRITORIES,970,U.S. TERRITORIES,
"UNITED STATES, MINOR OUTLYING ISLANDS",74000,US TERRITORIES,970,U.S. TERRITORIES,
VIRGIN ISLANDS,78000,US TERRITORIES,970,U.S. TERRITORIES,
UNKNOWN US TERRITORY,99997,US TERRITORIES,970,U.S. TERRITORIES,
UNKNOWN FOREIGN COUNTRY,99998,FOREIGN COUNTRIES,980,FOREIGN COUNTRIES,
UNKNOWN,99999,UNKNOWN,990,UNKNOWN,
